,uri,y
0,,1
1,,1
2,imgs/moped_a78ffe4b-bfab-44e8-ab35-055d086503be.jpg,1
3,,1
4,,1
5,imgs/moped_3daf660f-b7c4-4904-9c66-0260b44697f7.jpg,1
6,imgs/moped_dddec583-7432-416a-a542-092a8bd9f287.jpg,1
7,imgs/moped_9137dce8-f594-40fe-9498-b294ea5c147f.jpg,1
8,imgs/moped_9fe19d8c-20c1-4a68-86b0-68eea27e3dd2.jpg,1
9,imgs/moped_a241f023-004a-49c7-87c7-e040ad7454f4.jpg,1
10,imgs/moped_3e4f57bf-133e-4c6c-bee1-a2f2973c4fec.jpg,1
11,imgs/moped_ce13b22b-a368-4e67-ab4d-32436b3f3dd9.jpg,1
12,,1
13,imgs/moped_e2ac2069-d864-4660-876c-5d73f2fcb0eb.jpg,1
14,imgs/moped_cf4d2831-6fd1-4bc5-a24e-86953147ce9f.jpg,1
15,imgs/moped_d79aae83-66ee-46dd-9128-a7c7c1b2691a.jpg,1
16,,1
17,,1
18,,1
19,imgs/moped_a99eae31-be7b-4887-b46a-a1d33aadc18b.jpg,1
20,imgs/moped_854b0ba7-2a39-439b-be6a-c517fa139293.jpg,1
21,imgs/moped_68274e1e-f98c-4a78-9df4-8cdf7a07fb9e.jpg,1
22,,1
23,imgs/moped_3458cd5d-19ca-43f1-8e29-7ade8e91756f.jpg,1
24,imgs/moped_b012c375-0f37-4c5d-a732-b160c1b2e34a.jpg,1
25,,1
26,,1
27,imgs/moped_0f206bf7-700f-4b6b-be33-84d70e0e458b.jpg,1
28,,1
29,imgs/moped_65253013-9eae-4e8f-b117-c840759a82af.jpg,1
30,,1
31,,1
32,,1
33,,1
34,imgs/moped_92748c9f-cd37-418f-9134-2a50b9ae818c.jpg,1
35,,1
36,,1
37,,1
38,imgs/moped_99311f79-7a3a-4d75-a6b7-06cd70fc7542.jpg,1
39,imgs/moped_cf0b1a93-9847-4ca8-bba1-9ac75f8402c1.jpg,1
40,,1
41,,1
42,,1
43,,1
44,imgs/moped_4679ed34-f30b-4c6f-ab80-574b300aadb1.jpg,1
45,imgs/moped_0a5f3c88-2296-4905-b522-2d2452020c87.jpg,1
46,imgs/moped_d837bb78-64c2-4433-aca9-4bcbd6eaf4c7.jpg,1
47,imgs/moped_3532ab57-43c9-43a2-8104-4a72f5595b49.jpg,1
48,imgs/moped_fac15e76-cfaf-4fbf-b725-8907e55db691.jpg,1
49,imgs/moped_4b5921c0-b627-40cd-9954-ea600d42ff30.jpg,1
50,,1
51,imgs/moped_955f29ea-ba57-4728-bab0-d4a841e3fc49.jpg,1
52,imgs/moped_652ba18b-afa3-4049-a8bd-5fbcb0b3af5d.jpg,1
53,imgs/moped_2842d366-8a3d-47d8-80d4-d7167559cf34.jpg,1
54,imgs/moped_17d5ab4b-676e-4151-b54f-65d567c79d4b.jpg,1
55,imgs/moped_95e20e31-4ea0-4f66-8e1b-4377bf403e55.jpg,1
56,,1
57,,1
58,imgs/moped_b3a49e03-aec5-4000-b47c-697b912c4692.jpg,1
59,imgs/moped_7c645615-5cce-41e2-9cbf-7e6efaf28e1f.jpg,1
60,imgs/moped_60de3af5-243d-4526-add2-0e82c93a8448.jpg,1
61,imgs/moped_ef14157f-4606-4741-b4c2-b2cedfe6c4c7.jpg,1
62,imgs/moped_1abf0a94-2991-4958-9846-8410815b6b36.jpg,1
63,,1
64,imgs/moped_c9e6fc21-6e71-402d-9966-3174e7128d3e.jpg,1
65,,1
66,imgs/moped_c8a2b0f6-1bcd-4c9f-866f-7a963d29c27b.jpg,1
67,,1
68,imgs/moped_a30fc6b7-c814-484c-bd2f-2ef838974f27.jpg,1
69,imgs/moped_8f1d3092-c48a-4fcf-af45-2a7a68923505.jpg,1
70,imgs/moped_4ed24f6c-d23e-451b-8ef5-290ee7b94dea.jpg,1
71,imgs/moped_07ed21b0-ac3c-41f7-87ea-db65a7a0e813.jpg,1
72,imgs/moped_db72fbb1-64b5-4430-89a4-524a29e55c0e.jpg,1
73,imgs/moped_4987c4f3-d5ac-4931-83a5-efe125a28f1c.jpg,1
74,imgs/moped_7401a6fb-99bf-4003-bc72-76e1c0416066.jpg,1
75,imgs/moped_9ec8c974-2423-46bc-927d-59101b3bb893.jpg,1
76,,1
77,imgs/moped_f553de3f-ab29-48f0-9d48-a7ab2396e88e.jpg,1
78,imgs/moped_3e6feccd-2e1f-4e42-8802-491a7189741f.jpg,1
79,,1
80,,1
81,imgs/moped_e1324e0b-219d-4af1-8b1a-57cd92c03084.jpg,1
82,imgs/moped_dc838874-6286-49d3-856a-c713e05e63f7.jpg,1
83,,1
84,imgs/moped_9e44d440-5992-486e-a1e9-ff9072632708.jpg,1
85,,1
86,imgs/moped_82c38102-5b9b-45cd-8cfc-534c8d9ec012.jpg,1
87,imgs/moped_ede5b9bb-b64a-4ef8-9908-76dd5830d8ab.jpg,1
88,,1
89,,1
90,,1
91,,1
92,imgs/moped_27ca418c-67dc-45d5-828e-59700103e548.jpg,1
93,imgs/moped_9ad5b8f6-fcb0-4c96-9181-aa17dc6e8d96.jpg,1
94,,1
95,,1
96,imgs/moped_c50732cf-512f-4ddd-855c-0c6c25e090b3.jpg,1
97,imgs/moped_73ee84fb-e7a0-4582-bad8-7a1930c26fe9.jpg,1
98,imgs/moped_a4879366-afe4-45c0-ab06-fc5e18db8d70.jpg,1
99,imgs/moped_50271b31-7778-4fa7-bb00-5a64cd27e5d6.jpg,1
100,imgs/moped_170b96a2-8d77-491d-855e-a936a158fd3b.jpg,1
101,,1
102,imgs/moped_62dbbf0e-a281-477b-b867-86db46ce9ed6.jpg,1
103,imgs/moped_4d65e125-9d82-4ee5-ae27-90e3ef7007f6.jpg,1
104,,1
105,imgs/moped_bf064c74-a8d8-4e66-a408-bc771961bebd.jpg,1
106,imgs/moped_0f5ad42d-d59b-4780-9b51-71d5f5cad144.jpg,1
107,imgs/moped_b571140b-f5fc-4578-bbe2-55cd7d200468.jpg,1
108,,1
109,imgs/moped_cddb2bbc-079b-485e-91c2-0c2bc6b4cbd4.jpg,1
110,imgs/moped_a091b9fd-2d6c-4a65-a2d4-9e1065a94494.jpg,1
111,,1
112,,1
113,imgs/moped_052e0013-24b9-44af-83a8-ebe917236a87.jpg,1
114,imgs/moped_8f78bf8f-3331-4499-87d2-e628ff95e0ab.jpg,1
115,imgs/moped_61a5b0f6-882f-4107-83f9-d30ad9d2c801.jpg,1
116,,1
117,,1
118,imgs/moped_333da749-8de3-4f59-8b59-f37dad901757.jpg,1
119,,1
120,imgs/moped_42288899-66ba-468d-b151-32211a702d10.jpg,1
121,imgs/moped_b52fb315-7da9-44a4-9674-f3a93a031d4c.jpg,1
122,imgs/moped_ef0e519e-59d1-4ab5-8e44-9ead327dc439.jpg,1
123,imgs/moped_b4b99565-9baf-48c4-875b-bb2ff03e9fa6.jpg,1
124,,1
125,imgs/moped_6a2825da-d849-4f76-925c-dc429e57b433.jpg,1
126,imgs/moped_4d0967c0-2c06-4ecf-baef-fe005417dde2.jpg,1
127,,1
128,,1
129,imgs/moped_573624c9-5cb8-4ac0-b861-faf7ecc7b7ac.jpg,1
130,imgs/moped_c92bf163-d364-4928-a464-97ac067d70ff.jpg,1
131,imgs/moped_620f169e-e0a3-4614-84c4-f82bbcc30415.jpg,1
132,,1
133,imgs/moped_dc667dc0-d48c-43fa-8094-0253e4625fed.jpg,1
134,,1
135,,1
136,,1
137,imgs/moped_5afa3f55-f65e-4548-ab94-21d8ccfca0d3.jpg,1
138,,1
139,,1
140,imgs/moped_208a4902-8690-42ff-a2f2-d1025f1f26fe.jpg,1
141,imgs/moped_093d6675-b303-4334-bb7f-af2bd6b22e67.jpg,1
142,imgs/moped_a2b3a049-d0d3-424f-9450-a8bb52c8eb6a.jpg,1
143,imgs/moped_befee54e-9da8-42b8-925e-f7e7195ed5bf.jpg,1
144,imgs/moped_bc61ea8e-68f1-4c0d-b2a8-dcf9e50805f0.jpg,1
145,imgs/moped_a0971ed2-1c2e-4019-8629-de809714a0e9.jpg,1
146,imgs/moped_c65a7e87-2425-411d-96ae-bf3290dd79cd.jpg,1
147,imgs/moped_6bf22a1a-8649-4f10-a28b-ca44e42f98bb.jpg,1
148,imgs/moped_08822773-598d-46f0-b21e-2ccf307c0759.jpg,1
149,imgs/moped_37cd08d1-4109-472c-9dad-16548385105c.jpg,1
150,,1
151,imgs/moped_1441e8e8-a8d1-45c1-88e3-b368a6138d20.jpg,1
152,,1
153,imgs/moped_8384e926-4d75-426e-a8b1-180476daadf4.jpg,1
154,imgs/moped_782861b3-7d07-4500-ab35-9d1a0e4c48c6.jpg,1
155,imgs/moped_29413d7b-1737-4d85-9cac-4679038f4f99.jpg,1
156,imgs/moped_48aa973c-273f-4f78-b73d-4792d09d05a6.jpg,1
157,imgs/moped_935ebea4-a694-4c8f-ada5-8d4748243be6.jpg,1
158,imgs/moped_3b7d38f0-eba5-425f-bc47-636fd18f1084.jpg,1
159,,1
160,,1
161,imgs/moped_ec1012ee-ab75-4948-80ab-0376f48fedd1.jpg,1
162,imgs/moped_1c6d752a-6566-435f-a00c-d35da0edeba3.jpg,1
163,imgs/moped_87d6e409-7d27-4d44-826d-dc2856cfa80b.jpg,1
164,imgs/moped_c05d7319-ca2f-4f24-bcd9-582c8bc1fef7.jpg,1
165,imgs/moped_94fc3a20-f326-42c8-b31a-c1645df331c9.jpg,1
166,imgs/moped_e1124d1f-51aa-442f-9551-bf9b8d4263f8.jpg,1
167,,1
168,imgs/moped_3079c0d0-06fa-48fb-9b11-9e13b23b2fec.jpg,1
169,imgs/moped_e055b316-8c84-4451-9e80-b093a3730a34.jpg,1
170,,1
171,imgs/moped_c179d112-0929-4c23-b3c9-0eb1b04349a2.jpg,1
172,,1
173,imgs/moped_da81fde3-ddfd-43b4-bd0c-4e90fe0c1b79.jpg,1
174,imgs/moped_7d935586-5de9-4037-a8b1-d67bf54697eb.jpg,1
175,,1
176,imgs/moped_682d72dd-5b75-4a94-afe2-dca35f8ac1a4.jpg,1
177,,1
178,,1
179,imgs/moped_d2b749d1-0070-4ae9-96e3-f66125434601.jpg,1
180,imgs/moped_20194ac6-a2f5-4ab2-8e89-48515a8b9313.jpg,1
181,imgs/moped_aa02a3b3-2a7d-4026-89ac-bbce6aff8a5e.jpg,1
182,imgs/moped_4df344e0-217b-4bd2-8661-6411b907a897.jpg,1
183,imgs/moped_cd7306e2-3510-4973-8e66-310f779db34c.jpg,1
184,imgs/moped_4a147a11-bac4-4a42-a09c-b3b5d8096be3.jpg,1
185,,1
186,imgs/moped_8ffc3243-cdd8-4710-90cf-0c3f27c233fb.jpg,1
187,,1
188,imgs/moped_e50086e0-15d6-4937-b4dc-7b9ec928eea1.jpg,1
189,imgs/moped_0b683866-cd7c-483d-8da5-e630407d4744.jpg,1
190,,1
191,imgs/moped_9c327cca-f249-477e-b44b-458999851f95.jpg,1
192,imgs/moped_a490cab9-dfb4-43f7-b1bc-81546877671c.jpg,1
193,imgs/moped_105d369d-d6ec-4ddb-a1ad-50b0e17ed21a.jpg,1
194,,1
195,imgs/moped_03d9697f-baf1-45ee-822a-a8d9b692e3a4.jpg,1
196,imgs/moped_8ed871bb-302f-4ae3-aca1-7e06e06df62e.jpg,1
197,imgs/moped_42d85c5f-4f4b-41d1-be4f-df2d4e4447a1.jpg,1
198,imgs/moped_03452dad-c4e2-405c-bf18-66c429eda66d.jpg,1
199,,1
200,,1
201,imgs/moped_cbb50b7e-d213-4429-ad20-29250c25924d.jpg,1
202,,1
203,imgs/moped_b42032d1-ccbc-4dc4-97b1-1a8c06fe37b0.jpg,1
204,imgs/moped_833ef1fc-62cb-4746-910b-f0dce102b173.jpg,1
205,imgs/moped_ab657e1f-f0e3-4a23-8924-dc690abd9f93.jpg,1
206,imgs/moped_0ea934dc-d5e4-4b13-93a3-00c4a4e12691.jpg,1
207,imgs/moped_0ffb9ee5-23cc-400c-848c-a56e94984b8a.jpg,1
208,imgs/moped_fb1782c8-5b10-4959-889a-e4dd9453e7f4.jpg,1
209,imgs/moped_fa745631-8479-4fc1-8829-5fbe63822665.jpg,1
210,,1
211,imgs/moped_ccd2f293-21ed-4c96-8264-d91c275c0c4b.jpg,1
212,,1
213,imgs/moped_697fc240-083f-4451-9ebf-7ee28ed79368.jpg,1
214,imgs/moped_54020621-c291-43f4-9b08-3a9b9aa1449e.jpg,1
215,,1
216,imgs/moped_0fda3d12-bfc1-46ae-9cf1-42b4db98ab9b.jpg,1
217,imgs/moped_703c3ca8-7d8f-483f-a542-9d501f045254.jpg,1
218,,1
219,imgs/moped_d74d6d4f-61b2-44e0-a890-4a59ef15f4f5.jpg,1
220,imgs/moped_abeea2ac-738b-41d7-8543-060de292ff4d.jpg,1
221,,1
222,,1
223,imgs/moped_497d114f-50ae-416b-8457-c27f8ca32976.jpg,1
224,imgs/moped_3e586b6f-0d31-44dd-9ab4-53c18fe93fac.jpg,1
225,,1
226,imgs/moped_6723de44-b315-4d3c-8a03-2f647efd132b.jpg,1
227,,1
228,imgs/moped_9c970c74-dd86-41c7-95ae-84ed067ba5ca.jpg,1
229,,1
230,,1
231,imgs/moped_2780b3d1-2914-43ad-a0e7-ec163b2b7841.jpg,1
232,,1
233,imgs/moped_2a0087d8-35a8-46b4-84fb-9d81c83f7f76.jpg,1
234,,1
235,imgs/moped_1277586f-6764-40fa-a996-d00ebbb02fc7.jpg,1
236,,1
237,imgs/moped_1796341c-975e-4fd4-bef8-a5c01a5c8786.jpg,1
238,,1
239,imgs/moped_0b170151-1925-49c5-b671-37a6fea01f3a.jpg,1
240,,1
241,,1
242,imgs/moped_04d91b56-6e2a-4f80-8cf6-7c3c44183199.jpg,1
243,,1
244,imgs/moped_471fc557-219a-4499-910c-274fd82e7f0b.jpg,1
245,imgs/moped_590365c0-a5b4-48b1-88bc-8e3594c9a167.jpg,1
246,,1
247,,1
248,,1
249,,1
250,imgs/moped_7ffb795d-e916-4a48-89be-bf1114a0623f.jpg,1
251,imgs/moped_6cb8329e-b3f3-44bb-999f-ebdf2e95b72b.jpg,1
252,,1
253,,1
254,,1
255,,1
256,imgs/moped_6c893dec-f172-4769-a0fb-f97feaaabab8.jpg,1
257,imgs/moped_d8ceab7f-f405-4651-a1a0-9ca345168408.jpg,1
258,imgs/moped_421a415f-40ff-4bd8-af39-8a50d6fe5375.jpg,1
259,,1
260,imgs/moped_3ba11cc2-0251-4bdc-8b0a-3b6a1267af48.jpg,1
261,imgs/moped_315fc58e-3435-4624-abf2-b2f39dbec5e5.jpg,1
262,,1
263,imgs/moped_1ea521f1-b013-4ce6-80a6-dc887b73f38b.jpg,1
264,imgs/moped_6507ff21-6371-45de-a07e-d287ae4b3ce7.jpg,1
265,imgs/moped_eafc8195-721e-4486-b4b9-2a88c7504e34.jpg,1
266,imgs/moped_034675fa-052f-4863-87c6-4ee281bd64e9.jpg,1
267,imgs/moped_a03bd671-82ac-4cf0-aeff-593c321cd055.jpg,1
268,,1
269,imgs/moped_253a3ddb-a20f-4197-92c9-6f89903a37ec.jpg,1
270,,1
271,,1
272,,1
273,,1
274,,1
275,imgs/moped_29e1eac1-8dff-4b7f-8866-cbe803192965.jpg,1
276,imgs/moped_3e3bfcb0-ff34-44d0-8f99-d1cd09919314.jpg,1
277,,1
278,imgs/moped_57f93d8b-272c-408f-862b-859c0480fcb9.jpg,1
279,imgs/moped_329d797b-856c-44ac-8dfc-78ecec4f8e05.jpg,1
280,imgs/moped_eb6153ca-5772-42f8-b5e9-242649316774.jpg,1
281,imgs/moped_7148c6ea-c2b7-4cdf-9b49-dd4828324d53.jpg,1
282,imgs/moped_c077b3dc-cdde-4c3a-ab46-22bd821c072f.jpg,1
283,imgs/moped_c6cefb1f-ca7e-4ef3-8af0-ded91f036422.jpg,1
284,imgs/moped_2cc92566-6133-48e4-99ec-17eafad7afd3.jpg,1
285,imgs/moped_87020236-1886-4788-bd2c-10de1a7e746a.jpg,1
286,imgs/moped_cc6f6520-1582-44d6-aaa3-8437f3535641.jpg,1
287,imgs/moped_4003ff27-4362-40e5-85b5-2f02b269e6c9.jpg,1
288,,1
289,,1
290,imgs/moped_561414ed-3d30-4ee2-b619-7f2fab739d5a.jpg,1
291,,1
292,,1
293,imgs/moped_85a1991d-e209-459b-8109-f7e1c1f6e5b2.jpg,1
294,,1
295,,1
296,imgs/moped_5b4d6c91-3d35-42b0-92da-5f1a1e84a6fc.jpg,1
297,,1
298,,1
299,,1
300,imgs/moped_11f78e0e-e396-4508-8147-42730d8918ca.jpg,1
301,imgs/moped_8f59e062-592f-4222-a0ed-94ee13f32f04.jpg,1
302,imgs/moped_b3504c1d-b5a7-44a6-abda-876a27b6b23f.jpg,1
303,,1
304,imgs/moped_abdf9aff-067d-4cdc-ba9f-754b9dd204a5.jpg,1
305,imgs/moped_0aca8309-38aa-4420-b2ad-e976f9cde6ef.jpg,1
306,imgs/moped_09d9786f-7b7e-43ec-90c1-408b4803f9e9.jpg,1
307,,1
308,imgs/moped_72de6ad1-895b-4df9-b4cd-8f79ddcc4cb3.jpg,1
309,imgs/moped_3b3247b8-cbd9-47dd-9772-ea585e924450.jpg,1
310,imgs/moped_b3a1b088-f074-4d4c-88df-cb5a2715b885.jpg,1
311,imgs/moped_df85d36f-3838-46e4-8dc5-144adaab9b65.jpg,1
312,,1
313,imgs/moped_d5dd428e-96d0-4732-a312-fe729b10bbe0.jpg,1
314,,1
315,imgs/moped_d265b750-f021-4d7f-a614-d79d91a35de1.jpg,1
316,imgs/moped_d1ff48ae-3a77-423c-afdb-1e54e520f03a.jpg,1
317,imgs/moped_98b09a3d-42c8-42b7-bd1b-e0341e70f145.jpg,1
318,imgs/moped_deeb0a2d-565b-4199-9b7d-d401ad1c3123.jpg,1
319,,1
320,,1
321,,1
322,imgs/moped_371670be-d0f4-4099-8ef6-6e9708ec6729.jpg,1
323,imgs/moped_0fcc0dfe-e79f-45ba-81f2-11d3c0fc621f.jpg,1
324,,1
325,imgs/moped_20ebd4c3-2386-4963-9c49-28f3bdf67874.jpg,1
326,imgs/moped_bbabe417-ff9a-46e4-bd90-5499d0a50ee5.jpg,1
327,imgs/moped_ff6a1abb-3c44-46ba-89ac-3aba63e16925.jpg,1
328,,1
329,imgs/moped_a1d00e48-31c1-4805-b8c6-56d817134259.jpg,1
330,imgs/moped_17414df0-de8c-41b9-a874-041f9ef861cc.jpg,1
331,,1
332,imgs/moped_7b774bc2-f504-4138-b9c3-ce833c14b1f6.jpg,1
333,imgs/moped_af948e09-42cf-4530-b9c3-0e94bf64532f.jpg,1
334,imgs/moped_35e19d8c-7249-4bd0-9b73-aae19c9a7de4.jpg,1
335,imgs/moped_07b82124-288b-45d8-8d6e-eae2a2ada88f.jpg,1
336,,1
337,,1
338,,1
339,imgs/moped_1b4eceaa-475c-4117-91e8-fbbc89fb8d67.jpg,1
340,imgs/moped_3c6cec17-7e00-434f-a6fb-7da6b75aaebf.jpg,1
341,,1
342,,1
343,,1
344,imgs/moped_47a91302-3c2d-4c5c-9cbd-c7e2be4fe254.jpg,1
345,imgs/moped_fc5ecfed-7418-40e1-b638-8b353d8c2786.jpg,1
346,imgs/moped_584e993b-957b-4f10-8a7b-7e015ad6ff28.jpg,1
347,,1
348,,1
349,,1
350,imgs/moped_212c0343-df88-4c1e-9e11-489bb52cf526.jpg,1
351,imgs/moped_38b85100-8f8a-4740-bbd8-06c90f5471bf.jpg,1
352,,1
353,imgs/moped_ec2c9a59-eb08-4b8e-bf3f-872e84ad1971.jpg,1
354,,1
355,,1
356,,1
357,imgs/moped_cd7b37c9-c719-4c8f-a00d-8965be275c91.jpg,1
358,imgs/moped_bf58e9b9-8a31-4005-b75a-827eaeae1ebc.jpg,1
359,imgs/moped_3c887104-ec5d-40b1-b962-0ec28be9522a.jpg,1
360,,1
361,imgs/moped_f59b8fa9-f26c-4023-8402-4fc9f67d7f4e.jpg,1
362,,1
363,imgs/moped_5188b283-fc1f-4d11-b810-be2d6a2dfb9d.jpg,1
364,imgs/moped_f37428dd-fe5e-4abe-9d88-2b29088ac62e.jpg,1
365,imgs/moped_02958524-7fc9-4409-868d-cb57a3ab2439.jpg,1
366,imgs/moped_eaf70922-2569-4d5b-a6dd-5b9560b6b5d4.jpg,1
367,imgs/moped_a47510d5-9561-4ba5-a33a-0c7023b5c841.jpg,1
368,imgs/moped_26a0accf-f57f-4c52-bd76-128e35ee793b.jpg,1
369,,1
370,,1
371,,1
372,imgs/moped_aa5b4b80-cbaa-41c1-b862-f96ac0cc352f.jpg,1
373,,1
374,,1
375,,1
376,,1
377,,1
378,imgs/moped_b89dd4a1-8e40-4b6f-8d1d-8770e0333890.jpg,1
379,imgs/moped_8fc9f616-5d2c-4429-9eb9-0fe1a77afe37.jpg,1
380,,1
381,,1
382,imgs/moped_1dbeedfd-5389-4200-8db3-2862a11d2125.jpg,1
383,,1
384,imgs/moped_bb446009-6c22-4b27-81b9-7aacbcf6b6a7.jpg,1
385,imgs/moped_b5d10e7e-3899-4ed1-9f5c-c1499c956f7a.jpg,1
386,,1
387,imgs/moped_f5565012-f5a4-4bb7-932d-73b2a479aa30.jpg,1
388,imgs/moped_60ada18f-5ca2-4904-b203-c7abb69b9da6.jpg,1
389,,1
390,imgs/moped_b6e2b062-791e-4784-bea4-bf5633d18878.jpg,1
391,,1
392,imgs/moped_e34bef00-9ff4-4ea1-9341-b71f1cf1cffc.jpg,1
393,,1
394,,1
395,imgs/moped_655244d9-843d-42f8-9c4a-3402d66a61e4.jpg,1
396,,1
397,,1
398,imgs/moped_dff5ca76-8a4f-448d-9203-26ba0e67a90f.jpg,1
399,,1
400,,1
401,imgs/moped_933fcb26-9cff-42db-b0e7-c96524dc0751.jpg,1
402,imgs/moped_88e01183-4828-426f-a2bf-d792c1866aa9.jpg,1
403,imgs/moped_56404977-f739-47f9-8198-587a99d4f770.jpg,1
404,imgs/moped_9c4c2a85-c040-4199-84f5-5791d16ab54e.jpg,1
405,,1
406,,1
407,,1
408,,1
409,imgs/moped_b8a90cd3-5e78-469f-94d9-c545a08a3b94.jpg,1
410,,1
411,,1
412,imgs/moped_e04a1800-e762-4a7d-8e76-6cd3b6e90d13.jpg,1
413,,1
414,,1
415,imgs/moped_66598fd5-342e-4a6f-80cc-a2f8ffe7c26a.jpg,1
416,imgs/moped_58fe09c2-3fec-4dc8-83ed-1725a67799de.jpg,1
417,,1
418,imgs/moped_4b377d5b-48c4-4a45-bf6f-023b88488fe5.jpg,1
419,,1
420,imgs/moped_a944256f-cc78-456a-ae96-e49ce7c59450.jpg,1
421,imgs/moped_8f127a3d-863c-4476-987a-2067f270346c.jpg,1
422,imgs/moped_f5c60516-9104-402d-a813-9099efa74569.jpg,1
423,imgs/moped_679704cb-6a0b-464b-a684-3dd845eb4d58.jpg,1
424,imgs/moped_590547ed-dcd6-47c1-9fc8-ab085623a963.jpg,1
425,,1
426,imgs/moped_a00a2403-bd5d-4bb2-b04d-3415d62ad265.jpg,1
427,imgs/moped_6cf56cd5-85fa-4383-8dad-39ace7eae95c.jpg,1
428,imgs/moped_ebd89bd2-aab0-4a8e-a238-65896364264f.jpg,1
429,imgs/moped_b51e5557-ea6d-41c3-92a5-171549c9df10.jpg,1
430,imgs/moped_7364b86f-2491-475b-ae63-b8212d450629.jpg,1
431,imgs/moped_5283a02e-9b97-4d66-836a-fe732bcc3366.jpg,1
432,imgs/moped_f07749a0-143b-4acd-84bf-fc6bd2b9848c.jpg,1
433,,1
434,,1
435,,1
436,imgs/moped_41f61e58-c199-4809-bb88-2c2f009deab0.jpg,1
437,imgs/moped_c9b4f174-e57e-44cb-af10-e6e9dabeb679.jpg,1
438,imgs/moped_8a5cbcde-b197-4f65-a270-826a41438cf9.jpg,1
439,,1
440,imgs/moped_0c6f641e-a189-446f-a6dd-ffcaee261d78.jpg,1
441,imgs/moped_2e9c8385-aa7b-453e-98ac-3a700af7dd35.jpg,1
442,imgs/moped_5af6b8cb-9ad9-40a0-ae6a-687c1bd61f9b.jpg,1
443,imgs/moped_b4b1f55d-131e-4761-8a2f-85808a4d0934.jpg,1
444,,1
445,imgs/moped_5de02209-9dfe-4ce4-b0be-1cc809dddf57.jpg,1
446,imgs/moped_2cd3e37b-e39c-4587-8cd9-959acd985581.jpg,1
447,,1
448,imgs/moped_5e26fe05-a8c6-4ced-a082-1c8a3b0608dd.jpg,1
449,imgs/moped_125ec48d-5b10-4fc8-bb42-617903dd4afa.jpg,1
450,imgs/moped_9df2f589-05bb-4b0b-b80c-3f1660fdde1f.jpg,1
451,,1
452,imgs/moped_d97cd58e-0e04-4a28-b577-3a439be3ec3c.jpg,1
453,imgs/moped_f29cee08-0ee9-42d6-8ab1-6a9953ed7023.jpg,1
454,imgs/moped_5d7351b1-2679-4388-a975-c5d60d5ec155.jpg,1
455,imgs/moped_b0c3297e-5a84-4109-a89b-89a6bc27554d.jpg,1
456,imgs/moped_154ee128-0908-4f53-853d-6c974359e11c.jpg,1
457,imgs/moped_e72c8539-2b3d-490e-9d1a-f0ceffd8afc4.jpg,1
458,imgs/moped_27ef8f0c-aaf5-46e3-a4e9-13844216ea35.jpg,1
459,imgs/moped_69bb0a42-1fc9-459e-9bf5-e5c36d09b8c2.jpg,1
460,imgs/moped_33332c91-f8cd-40aa-870e-6062cad30d73.jpg,1
461,imgs/moped_72739071-3be3-48d5-9aff-b3fefccee329.jpg,1
462,,1
463,imgs/moped_455e677a-4b5e-42a1-bc44-7b5d5a6747a1.jpg,1
464,,1
465,,1
466,imgs/moped_efd12d08-2b66-46ab-835f-25b90010cb7e.jpg,1
467,imgs/moped_e969e1a3-2291-4fe9-99d6-fc399eac7da1.jpg,1
468,imgs/moped_005450fc-7e99-454d-907b-8e208c62d120.jpg,1
469,imgs/moped_653fec19-ad8f-4f49-9b9e-b580347e3493.jpg,1
470,,1
471,imgs/moped_02474cee-10f2-4988-960a-758110721548.jpg,1
472,,1
473,imgs/moped_b589ad00-cd3e-415e-84ab-8e7fe0073d5e.jpg,1
474,imgs/moped_0c49e499-9e7e-4386-9470-f6375c523a94.jpg,1
475,imgs/moped_89a2a258-6c42-42d2-adb9-88e5ea43aced.jpg,1
476,imgs/moped_8707a46c-dd16-44ab-b0e1-89f1cb24dfbc.jpg,1
477,imgs/moped_48e18d38-1bf4-493c-ac25-1a51dba0ec30.jpg,1
478,imgs/moped_2a194fa3-3c9a-464b-91fb-6652fd6b4471.jpg,1
479,,1
480,imgs/moped_78330f6d-5e48-495a-97e6-946d3ff38575.jpg,1
481,imgs/moped_3da3547d-1297-41bd-87a4-ed093a9ff53e.jpg,1
482,imgs/moped_d7b5ef37-1e0e-4283-8471-7e0243664b9c.jpg,1
483,,1
484,imgs/moped_43ea1e64-f56a-4a4b-ba19-a1f835052fda.jpg,1
485,imgs/moped_b32789f4-2677-4b0d-9e99-ea2d57870af5.jpg,1
486,,1
487,imgs/moped_d5cfefcd-dd62-439a-b61e-8e9db34a02d5.jpg,1
488,imgs/moped_7f1d7bb9-a303-4dac-97bf-8aa193c637dd.jpg,1
489,imgs/moped_73fb88fe-9eea-4b75-8e22-b0e77e97a35d.jpg,1
490,imgs/moped_c7b94eed-0853-40fb-88e9-ac7db787dea6.jpg,1
491,imgs/moped_4752356e-b8c7-415b-8a83-055be2d4f8c9.jpg,1
492,imgs/moped_cbcd6bae-10e4-499b-9efb-1e9056392b99.jpg,1
493,imgs/moped_6a1f463e-c087-4708-a741-e414d80a7036.jpg,1
494,imgs/moped_e3cb0450-3281-4f6e-925e-680124050593.jpg,1
495,imgs/moped_e11ae124-831f-4cb0-9aef-65d0c9952861.jpg,1
496,imgs/moped_742fbdb2-39c2-47ee-bb5e-8d75c010da35.jpg,1
497,imgs/moped_54a86301-8b8c-430b-ade3-ce65cb365108.jpg,1
498,imgs/moped_bc102916-b033-4ed9-a2dd-41b189b2b90a.jpg,1
499,imgs/moped_e0902a57-85b8-4e7f-a22f-c4b3c910b78b.jpg,1
500,imgs/moped_2c0afdbf-01dd-4d5a-b7e6-119ba4cbc2b4.jpg,1
501,imgs/moped_a9aea11a-1f58-4a80-b2b6-10394413e1e9.jpg,1
502,,1
503,,1
504,imgs/moped_424cde0a-adc3-4d03-ab9b-4cb2f178f445.jpg,1
505,imgs/moped_296657b6-b649-4cc2-be33-a5874bef0cec.jpg,1
506,imgs/moped_2905b2e0-5c98-4c9e-9874-14e28badd903.jpg,1
507,,1
508,,1
509,imgs/moped_d92dc127-e5d9-4635-897f-ef6fa20be048.jpg,1
510,imgs/moped_c6c9cff1-2805-46e9-a152-a58490c34be6.jpg,1
511,imgs/moped_b4b6d3c7-4126-424e-80f1-9a0ad50a5912.jpg,1
512,imgs/moped_3f2c3408-e8cc-4388-a306-4187ebfdee1f.jpg,1
513,,1
514,,1
515,,1
516,,1
517,imgs/moped_8abf3600-bc03-4424-af03-f1751f089178.jpg,1
518,imgs/moped_a5369ddc-cf67-4328-ae85-2def2eb438f4.jpg,1
519,imgs/moped_8e7e6eea-630a-44a6-ae49-fecbff8789fd.jpg,1
520,imgs/moped_e3315c43-cac5-4abe-952c-0f059520476a.jpg,1
521,imgs/moped_547ab46b-ec2a-4718-9704-6118a2abc905.jpg,1
522,,1
523,,1
524,,1
525,,1
526,,1
527,imgs/moped_0b5cb0ee-7036-4bb4-958d-48e01d0565f8.jpg,1
528,,1
529,,1
530,,1
531,imgs/moped_3782bac6-bce9-4c7b-9201-740881601b89.jpg,1
532,imgs/moped_c3d34cb7-f2de-428a-83a1-84004cbd5f9c.jpg,1
533,imgs/moped_024c1da2-9377-435a-8902-a2dba4fb2b18.jpg,1
534,,1
535,imgs/moped_7d961f89-0e26-4827-9dfd-c8209727cb4c.jpg,1
536,imgs/moped_c6eecead-34f9-464b-8fff-0d09b913902b.jpg,1
537,imgs/moped_2c9306b6-9767-49a2-b138-0a5bae5aee30.jpg,1
538,imgs/moped_3faf0995-00ff-48cd-b924-94c1974dbfbf.jpg,1
539,imgs/moped_861578eb-29b4-4f0e-a675-f2d42f0de993.jpg,1
540,,1
541,imgs/moped_1c39d70d-e9ee-4932-8e59-a7db50811679.jpg,1
542,imgs/moped_aec52562-e98e-434d-94c8-b9f97245b07b.jpg,1
543,,1
544,,1
545,,1
546,imgs/moped_7a1fe8ba-9c47-4ae1-a397-3bc3fec78f5b.jpg,1
547,,1
548,imgs/moped_b7cbc1e7-9621-4ef0-83e1-bc02b163c275.jpg,1
549,imgs/moped_5db4e667-e360-4aaa-8bd0-3ffee0398f48.jpg,1
550,imgs/moped_fc8c0223-e89e-4212-be58-8d1f9e9b66fa.jpg,1
551,imgs/moped_6fa82c3f-729a-488d-8f66-12ee6f6b4caf.jpg,1
552,imgs/moped_4b369750-cac6-462a-a608-15aaadc0cf52.jpg,1
553,,1
554,,1
555,imgs/moped_0a5c12bb-7ba0-44a0-b961-efc758c42664.jpg,1
556,imgs/moped_60c2aa9a-9888-43ea-83c3-af1de51ed80f.jpg,1
557,imgs/moped_5cf45228-4a02-43a3-a8f4-6e9882a2636a.jpg,1
558,imgs/moped_7d3fa67f-131f-449d-bd06-bbd22198c42c.jpg,1
559,,1
560,imgs/moped_24b0f2e0-705a-4924-bee1-1f248da1f417.jpg,1
561,,1
562,imgs/moped_10437c41-4e9f-423d-8734-e7b38e04484b.jpg,1
563,imgs/moped_32a83658-6928-4315-856f-3331b4727771.jpg,1
564,imgs/moped_1cb664ec-aade-490f-b12b-cd0b1def0b06.jpg,1
565,,1
566,imgs/moped_6083c848-4660-4810-9694-2e85d5c4841b.jpg,1
567,imgs/moped_ab3911ad-0401-4693-8d20-6e2b0c9b232b.jpg,1
568,imgs/moped_87be450b-3493-454c-8f42-9baae9223d41.jpg,1
569,imgs/moped_2529d9e1-8992-4f2e-af3a-bbda42577982.jpg,1
570,imgs/moped_aae05e0d-3f85-4582-abbd-bbcb6036d48d.jpg,1
571,imgs/moped_85330bb7-92f5-4ea8-8f65-dca7759c744f.jpg,1
572,imgs/moped_5d82ad19-252f-43dd-989a-9a436fdba0eb.jpg,1
573,imgs/moped_4a0ad9c1-6a20-4e18-bfdd-12c16a5267a2.jpg,1
574,,1
575,,1
576,,1
577,imgs/moped_f20a9c2f-df86-470f-a912-4836406306bd.jpg,1
578,imgs/moped_3dbc94c0-bb4a-4a30-8847-4f7c4f8a8ccc.jpg,1
579,imgs/moped_c1567a66-b07e-46b8-bb67-b85183456c21.jpg,1
580,imgs/moped_70b5dcd0-9221-46a8-bbef-f708bdaab7ad.jpg,1
581,,1
582,imgs/moped_9dbb72b7-5d5f-4d3e-94ec-f19f19cf0317.jpg,1
583,imgs/moped_ba8e4d4e-7689-480f-8c61-171cf513fa47.jpg,1
584,imgs/moped_f9a26480-1166-4a99-bc02-6d07e6ecc1e3.jpg,1
585,,1
586,imgs/moped_c0a8174f-d598-4a5b-a7b6-8aed1e3b5f8a.jpg,1
587,imgs/moped_8f38a6bb-b7a9-43a8-a95e-6d77a8ce1dcf.jpg,1
588,,1
589,,1
590,,1
591,imgs/moped_e8f00139-673c-40df-ad8a-0ed3eb861939.jpg,1
592,,1
593,imgs/moped_e861e985-9209-4424-902f-4d4503195a2d.jpg,1
594,imgs/moped_37ad3bae-42c2-467e-8b4b-4ab987c3d8fa.jpg,1
595,,1
596,imgs/moped_2b7d5dee-dbfa-495e-abc3-e7ddbbb9da08.jpg,1
597,,1
598,,1
599,imgs/moped_255cdfaa-a72f-42b9-bc14-19955cbe3a35.jpg,1
600,imgs/moped_e62d197b-758c-4a54-b4e8-9f8b06e7cf6b.jpg,1
601,imgs/moped_67a02089-3744-4bd7-bcaa-f0061074920f.jpg,1
602,,1
603,imgs/moped_a3512edc-ccfe-4d13-a593-213dd89abddc.jpg,1
604,imgs/moped_f8301e09-755c-4ef1-a97f-339baebd226a.jpg,1
605,imgs/moped_546e5f68-73b1-491c-887f-70f0a164f55b.jpg,1
606,imgs/moped_8e5bdf30-0244-4710-a16c-026e6d9c5c62.jpg,1
607,,1
608,imgs/moped_e927c161-e771-4904-a328-1596be6eb2c3.jpg,1
609,imgs/moped_92a8a6c3-02f7-43b9-8296-52eb8a2157f8.jpg,1
610,,1
611,,1
612,imgs/moped_12329568-1123-4c5c-8a6b-3c412f7c52d0.jpg,1
613,imgs/moped_c59f350f-73f1-4db6-8aba-d1d56ee8dcdc.jpg,1
614,,1
615,,1
616,,1
617,imgs/moped_5003a89d-4284-4340-8894-73466c6cdc64.jpg,1
618,imgs/moped_3f64f1b2-f1ec-4a2d-8c83-f119fe086f2f.jpg,1
619,,1
620,imgs/moped_a3818616-68bd-4426-b269-06832cc873f5.jpg,1
621,imgs/moped_2c6be76b-aca7-4259-a738-a15677d60c8a.jpg,1
622,,1
623,imgs/moped_e013736e-68ad-458e-bc68-921140ce12d0.jpg,1
624,,1
625,imgs/moped_4e873254-d4eb-4945-b75e-9f89db3a2ed9.jpg,1
626,,1
627,imgs/moped_5505ddcc-b763-4ce7-b315-18aa0fb92262.jpg,1
628,,1
629,imgs/moped_c8cee8d2-b4a9-4fd0-b935-f61895b1ca6c.jpg,1
630,,1
631,imgs/moped_3c5d95bc-21e7-4713-8d13-e20b8f5d5872.jpg,1
632,,1
633,imgs/moped_9c492861-5db4-4d5e-8a60-ed3bcdcfcc2a.jpg,1
634,,1
635,,1
636,imgs/moped_bcc49168-af9b-4b8d-9bf2-3b44f71c6b7a.jpg,1
637,imgs/moped_cc8e9e56-57cf-4b10-9ae2-f9587b4faaab.jpg,1
638,,1
639,,1
640,,1
641,imgs/moped_38b0b990-2e46-4359-9317-e62dfc31ac54.jpg,1
642,imgs/moped_782aff5a-4a0a-4077-aa36-2f60f42991ea.jpg,1
643,,1
644,imgs/moped_2f60d504-5aa8-4e7f-a686-0f952d872f1d.jpg,1
645,imgs/moped_4ed4e95d-8571-4eda-99b2-bfa22a4e9cb4.jpg,1
646,imgs/moped_d70cae05-8193-4e03-a112-18e5d4e7dff5.jpg,1
647,imgs/moped_c0a25a47-fbcb-4926-b2ed-768873d898c5.jpg,1
648,imgs/moped_ab183846-a2e9-4622-b098-9736aaf1b6c2.jpg,1
649,imgs/moped_ece86c75-e1ea-43c2-b23e-aa3dcb183422.jpg,1
650,,1
651,imgs/moped_215df5f7-5855-4615-b7e8-412806227c3a.jpg,1
652,,1
653,,1
654,,1
655,,1
656,,1
657,imgs/moped_be5b272d-7a90-4403-9b9d-b1d7ce3a382f.jpg,1
658,imgs/moped_82e5de1d-cf75-4c59-843a-49f2a9279418.jpg,1
659,imgs/moped_087052e4-8ae9-42aa-be1b-34bf20a69338.jpg,1
660,,1
661,imgs/moped_058af2e4-d239-4deb-9051-896f93542965.jpg,1
662,,1
663,,1
664,,1
665,,1
666,,1
667,imgs/moped_051b90a0-e8cb-4810-afeb-61870b713f01.jpg,1
668,imgs/moped_529fdd68-4113-4c9e-98a6-0e4e7993b8b3.jpg,1
669,,1
670,imgs/moped_de97a0d8-1db9-49d6-85d8-7d4e3354d837.jpg,1
671,imgs/moped_5d5b571f-67ad-49b7-9b1a-ff811d35d4ed.jpg,1
672,,1
673,imgs/moped_0299d223-12e1-4f49-b90e-a2b73d4222e6.jpg,1
674,imgs/moped_1af665de-ede7-49d7-bf8a-94775ab3bc53.jpg,1
675,,1
676,,1
677,imgs/moped_a4f53b65-a75f-4bcc-a4c2-11dc7e1b096e.jpg,1
678,imgs/moped_f92d50fd-257d-4ebf-a025-47f831c01937.jpg,1
679,,1
680,,1
681,,1
682,,1
683,,1
684,imgs/moped_a31f5f68-af15-4eda-b87f-96eb7695e6c1.jpg,1
685,imgs/moped_3912dcc0-462f-4db5-8ee8-13d0762b0c42.jpg,1
686,imgs/moped_037f77eb-efcf-4059-96d3-da45e5037bb8.jpg,1
687,,1
688,imgs/moped_fc8af66d-bf1b-4af0-bd92-62449d7c35c6.jpg,1
689,,1
690,,1
691,imgs/moped_f6635dab-a9ab-4c6e-8427-15304ffd4ea1.jpg,1
692,,1
693,,1
694,imgs/moped_4fe6d332-cdcd-4b38-86fb-d4dee9b41707.jpg,1
695,imgs/moped_a6cfac31-d55c-4de5-91e8-a92d93339bbc.jpg,1
696,,1
697,,1
698,imgs/moped_ff8d6946-53fb-4535-9859-f395d1bd26c8.jpg,1
699,,1
700,imgs/moped_76887234-a4ab-4472-afb8-608b5b5d3f72.jpg,1
701,imgs/moped_0c182ea2-ae03-4aa2-ab04-5d2fba24f2df.jpg,1
702,imgs/moped_edd49221-2763-46c4-abb4-9edbd5221c8b.jpg,1
703,,1
704,imgs/moped_89206d50-60c2-4eb2-853e-e73c61f3e420.jpg,1
705,imgs/moped_76d5d41b-497b-4ad3-9fb1-7af9a9fd3104.jpg,1
706,,1
707,,1
708,,1
709,,1
710,,1
711,imgs/moped_65a7e08f-12ad-4561-8c09-2911cd3363c1.jpg,1
712,imgs/moped_449e4a86-b16e-44ee-aa26-a61d652dc122.jpg,1
713,imgs/moped_856c6522-50a1-4d29-bcb4-258fd3bb7cda.jpg,1
714,,1
715,,1
716,imgs/moped_d2bacebf-bcf5-4be6-a401-2a4c82efdc31.jpg,1
717,,1
718,,1
719,imgs/moped_c3a172ca-5a73-4aa3-bb11-e76641a6bca1.jpg,1
720,imgs/moped_54c8186b-b624-4456-84d1-1229d3bc7716.jpg,1
721,imgs/moped_098779ee-6105-4851-b6a9-64a8b200b7e1.jpg,1
722,imgs/moped_2ee0f1ad-b9ce-45fe-9232-b399108f16c9.jpg,1
723,,1
724,,1
725,imgs/moped_edef06d7-9c3b-4bf8-9230-38b62da0824c.jpg,1
726,imgs/moped_ba3528f2-7486-45ad-99a6-0cd8691c1d28.jpg,1
727,,1
728,,1
729,,1
730,,1
731,,1
732,imgs/moped_e6caec6f-252b-4561-a264-9326d999cef7.jpg,1
733,,1
734,imgs/moped_b57e8173-7c01-4b19-bba8-31f9778be520.jpg,1
735,imgs/moped_8500b507-a4f3-46e8-9d2a-a59c21679b2d.jpg,1
736,,1
737,,1
738,imgs/moped_3f2e32d9-628f-4d21-b22a-efc9af7cb86a.jpg,1
739,,1
740,imgs/moped_209f6893-2fd8-4632-85e4-3765a4a1b4f5.jpg,1
741,imgs/moped_78165da7-6251-432f-a616-4c5dc7351fd2.jpg,1
742,imgs/moped_c1c8f2f6-44f0-4fdf-aac8-d4c064a8d414.jpg,1
743,imgs/moped_fc0f9ae9-05d7-473a-8128-501a96b86f16.jpg,1
744,imgs/moped_c98319a2-47a7-436c-a366-57be609511d7.jpg,1
745,imgs/moped_acea03e2-b4c7-4c4a-8c81-ffefcb6f9e04.jpg,1
746,imgs/moped_57a53ffa-b364-41cb-a96e-bb2ef6b2e8cf.jpg,1
747,imgs/moped_6ca42f31-713c-4698-af0a-23e0df369230.jpg,1
748,imgs/moped_f54c07a4-4f58-49e6-8db8-489921a1a3f0.jpg,1
749,imgs/moped_cbea4291-0de6-4dcb-a6e9-f9206970928b.jpg,1
750,imgs/moped_805f0592-f7f6-4696-b15b-bb56f423ad0c.jpg,1
751,imgs/moped_7a810f89-2e22-471c-9631-d8ab9a8d9f8e.jpg,1
752,,1
753,imgs/moped_74e0719f-7e75-4a63-aac9-401fba9f465b.jpg,1
754,imgs/moped_93c8e768-9240-4cae-aa4b-49dbcd6fa5df.jpg,1
755,imgs/moped_7361b295-4976-4c44-ae0d-5b501fbc76fb.jpg,1
756,,1
757,,1
758,imgs/moped_0e848f6d-5a49-4fa0-8783-e07643829233.jpg,1
759,,1
760,imgs/moped_eb818cca-4445-40a0-8afa-bb5001401a67.jpg,1
761,,1
762,imgs/moped_4c6a7910-3e66-4eca-ba82-6ab20d172f87.jpg,1
763,imgs/moped_e9ebcbd2-cd4f-4cde-a13e-fee8ae05033f.jpg,1
764,imgs/moped_bb16f5b8-4410-444c-a188-dbb6d8afa754.jpg,1
765,,1
766,,1
767,,1
768,,1
769,imgs/moped_aa9d48d9-4750-49cb-9a36-b63e21b6b915.jpg,1
770,imgs/moped_57f23687-091b-449c-9300-67b195239f00.jpg,1
771,,1
772,,1
773,,1
774,,1
775,imgs/moped_32623853-58b9-4a61-90eb-76b744054bc1.jpg,1
776,,1
777,imgs/moped_b856dd7a-3247-488a-b4e2-e5b2e0ebb577.jpg,1
778,imgs/moped_e1b53344-1766-4fa4-9cdd-304fe59cbbb3.jpg,1
779,imgs/moped_2082ee89-fd30-4d19-840b-0367f04bf0b6.jpg,1
780,,1
781,,1
782,imgs/moped_dc3a2d7a-7b1a-4dbe-a71f-956a007f2229.jpg,1
783,imgs/moped_f714b26a-cb8c-45ea-905a-9f01490ce32a.jpg,1
784,imgs/moped_f7a0d40b-1a97-499c-9f4e-8e2a8087de11.jpg,1
785,imgs/moped_8bfbb17f-867c-49c5-870b-cb4b6891f691.jpg,1
786,,1
787,,1
788,imgs/moped_42fbef87-fdbb-4192-8c37-30c88af2ddc1.jpg,1
789,imgs/moped_53158601-4419-4258-aa79-87206b75d1f1.jpg,1
790,imgs/moped_af67b53d-da29-47a7-a29b-6e5455c9e017.jpg,1
791,,1
792,imgs/moped_4b910b17-290a-4532-b2ed-d5cf7e84307b.jpg,1
793,,1
794,imgs/moped_41b7c707-961d-42f4-b6e5-07e9bfabab39.jpg,1
795,,1
796,,1
797,,1
798,,1
799,,1
800,,1
801,imgs/moped_3e0a9175-d358-4190-9a7f-ed2c5690d481.jpg,1
802,imgs/moped_0612432f-6a1a-4566-81ec-060c215f33cf.jpg,1
803,imgs/moped_6aab1a0d-a872-43df-8324-2a0d4f904b4c.jpg,1
804,,1
805,,1
806,imgs/moped_8d469ce8-256a-4f04-9d1a-855d18a3a23a.jpg,1
807,,1
808,imgs/moped_40209415-0f16-4f77-9338-d72805b59234.jpg,1
809,imgs/moped_0a47cada-1220-4fa2-9750-8031e613e227.jpg,1
810,,1
811,imgs/moped_a806bfbd-fc92-4041-affa-2e999f31e2a6.jpg,1
812,,1
813,,1
814,,1
815,imgs/moped_f7472ae7-f27e-4e60-ae08-2772f03d79ba.jpg,1
816,imgs/moped_76d0d41b-8a19-4c6b-bbca-cac76ba87717.jpg,1
817,imgs/moped_e3091ee1-2a39-4230-b8fc-3672e0df1a87.jpg,1
818,,1
819,imgs/moped_08055e42-e237-49ad-9e51-12d623bf6b43.jpg,1
820,,1
821,,1
822,,1
823,imgs/moped_dc94abed-d9a0-4f0e-a2b7-fa3b07cd742f.jpg,1
824,imgs/moped_ec5e40f6-4922-4a8c-8ecd-dabd5e1d380b.jpg,1
825,imgs/moped_26678bd1-1791-4c3c-a6a9-d16f56ef8c7d.jpg,1
826,imgs/moped_24936563-580c-46e0-9739-f56a33b0bba8.jpg,1
827,,1
828,imgs/moped_84cb03db-ab09-474c-bc20-d6b8e3ca8b0b.jpg,1
829,,1
830,,1
831,,1
832,imgs/moped_0b00c60e-876e-4ee9-ba6c-58fee2de3961.jpg,1
833,,1
834,imgs/moped_413ae084-f8cf-4de6-86f3-dc60480de222.jpg,1
835,imgs/moped_1ad773aa-9858-4b97-b443-111df16de52b.jpg,1
836,imgs/moped_4c8a40c3-cea5-4d3b-b722-0109ab85e5ce.jpg,1
837,imgs/moped_6358eaf9-0934-4269-9617-8b820a5517c0.jpg,1
838,,1
839,imgs/moped_579c877e-c76b-4d45-9b85-f9dc23bb2e65.jpg,1
840,imgs/moped_44763ad2-d6a3-41a0-b124-8a97a2a5e26c.jpg,1
841,,1
842,imgs/moped_1adac8e6-5b13-4820-8133-8f5d0b42b17a.jpg,1
843,imgs/moped_e4d11c68-b4ff-4dcb-a308-5ae865d8674c.jpg,1
844,imgs/moped_0137dfcc-3d54-4238-bc03-aa9177c6510e.jpg,1
845,,1
846,,1
847,imgs/moped_7e20c03f-f744-439f-a50f-4f43ff1df21d.jpg,1
848,imgs/moped_c318ffb0-ff39-4260-95a4-7f3c8a04178b.jpg,1
849,imgs/moped_e7e1180c-4067-431f-b196-38e4146b0e23.jpg,1
850,imgs/moped_bfca8783-15f6-4cd5-a4a7-8add044b06ce.jpg,1
851,imgs/moped_2d10a04c-047f-498f-91bd-cea6efb54989.jpg,1
852,,1
853,imgs/moped_a6ed6e1b-a417-469b-96b9-8f9581012f8f.jpg,1
854,imgs/moped_44eecba5-7db6-4096-a72f-d872624df457.jpg,1
855,imgs/moped_fb4da899-74c7-44f1-8583-e0d2748de3e5.jpg,1
856,imgs/moped_a840db21-d22c-47c6-bd0f-b94f9236e482.jpg,1
857,imgs/moped_46ea9f4e-e468-4939-8b84-0d110acb6d54.jpg,1
858,,1
859,imgs/moped_19c864f6-bb65-4424-893b-e5838602f13a.jpg,1
860,imgs/moped_84fc8ffe-0057-4850-8d7e-45d716cb54b9.jpg,1
861,,1
862,,1
863,,1
864,imgs/moped_a22caaf7-aedc-40ba-96d4-7eb39eb631fd.jpg,1
865,imgs/moped_94af5cd3-457d-47f3-9f31-096df5ef105b.jpg,1
866,,1
867,imgs/moped_697963e0-1545-437c-a131-bb01dbda38f7.jpg,1
868,imgs/moped_54f5d0b5-af37-47f6-b8ba-f76d12a43813.jpg,1
869,,1
870,imgs/moped_4f2eeae3-5d9d-4ceb-a0c9-3d48ef916e7a.jpg,1
871,,1
872,imgs/moped_ac56f8cf-7529-4506-b225-aecdb008bf80.jpg,1
873,imgs/moped_375f6bc8-bdc3-41ac-805a-5c537f1a5ad1.jpg,1
874,,1
875,,1
876,,1
877,,1
878,,1
879,,1
880,,1
881,imgs/moped_dd790488-9b84-4de4-9125-4b46b5576096.jpg,1
882,imgs/moped_d548a92f-1401-4ed4-99eb-d22999ca14f9.jpg,1
883,imgs/moped_676f882e-4b03-4ca5-92d6-f1497f954ee9.jpg,1
884,imgs/moped_0387cb99-42be-4110-8e29-3e0876b597c6.jpg,1
885,,1
886,imgs/moped_a14b80a1-7dba-4caa-9549-523759c41e57.jpg,1
887,,1
888,,1
889,imgs/moped_352ed086-0b36-4de0-9324-e8146d616d38.jpg,1
890,,1
891,,1
892,,1
893,,1
894,imgs/moped_f8598868-04f4-4777-a286-220a6ade1936.jpg,1
895,imgs/moped_b2086620-5297-472e-b285-647ddf031595.jpg,1
896,imgs/moped_81971cbb-1ea8-438e-b3d1-2862c03e6c49.jpg,1
897,imgs/moped_9844009f-7f42-4568-8ce7-d8eb303966d4.jpg,1
898,,1
899,imgs/moped_75a4e0d6-06a3-40b5-93a3-7b1bcd425f0f.jpg,1
900,imgs/moped_7606858d-57f1-43d6-9187-e833d8d5621f.jpg,1
901,imgs/moped_3e88f86d-047f-4893-be80-059fd4926a26.jpg,1
902,,1
903,imgs/moped_f9a23d60-1a2f-4539-8ec0-c2da532f0846.jpg,1
904,,1
905,imgs/moped_bebc4d54-65cc-4e51-88b9-9115509d69b7.jpg,1
906,,1
907,,1
908,imgs/moped_309aacd3-42db-4446-9dfb-54b5f082b8ab.jpg,1
909,,1
910,,1
911,imgs/moped_b757060b-0a7f-4f6f-b1e1-f400b100e77e.jpg,1
912,imgs/moped_ffd33927-1978-451e-9f8b-f9be3b9aa2fe.jpg,1
913,,1
914,imgs/moped_8fd42822-7b3a-44b3-a45d-ce91db27c69f.jpg,1
915,imgs/moped_c1f4400d-8487-4e1e-9055-baee519bf7ee.jpg,1
916,imgs/moped_977a260a-c2fe-4943-8be5-3dd48ee65da9.jpg,1
917,imgs/moped_23c8fb8d-d9c2-4ff7-ae87-2e98a2592e55.jpg,1
918,,1
919,,1
920,imgs/moped_697af24d-5d5a-4db9-8899-1d1cc028a056.jpg,1
921,,1
922,,1
923,,1
924,imgs/moped_91e9ddd8-462b-4e51-a5a7-14901fdf948c.jpg,1
925,,1
926,,1
927,imgs/moped_f43415fc-2fe8-46d8-8774-b9b03c2730a6.jpg,1
928,imgs/moped_01734403-ad55-44af-81fe-0248c5f5fd2f.jpg,1
929,imgs/moped_ee9d5804-dfaa-4de3-a0a8-ae8af63594cf.jpg,1
930,,1
931,imgs/moped_8468c7d6-bf1e-4384-807f-e4a5743dd283.jpg,1
932,imgs/moped_629febf2-e283-419c-b83c-4a71b4927ace.jpg,1
933,imgs/moped_e4385543-1e50-4f0b-bac5-b6722d65b842.jpg,1
934,,1
935,imgs/moped_8497f016-e5d4-49a5-9c6d-38f9f9dc490f.jpg,1
936,,1
937,,1
938,,1
939,imgs/moped_6e3ee593-965b-41ed-b214-1101eefc3e4d.jpg,1
940,,1
941,,1
942,,1
943,imgs/moped_4bfbac35-052f-481d-b819-53d62784b989.jpg,1
944,imgs/moped_6664fc44-0a93-4c4e-964e-ecbf8d2facdd.jpg,1
945,imgs/moped_22f7fdec-0758-4101-9f30-93d63fb45347.jpg,1
946,,1
947,imgs/moped_27595cf1-83f9-46cd-82b2-be697a692df2.jpg,1
948,imgs/moped_2a7a8cd9-8b22-4dbc-92a3-ddf71a1f48c6.jpg,1
949,imgs/moped_c8487410-2f15-449e-b545-0700c2170bd5.jpg,1
950,,1
951,imgs/moped_f753409b-5e5e-44a4-a7a4-01d239ff23d8.jpg,1
952,imgs/moped_c0a3bcc0-1a75-4d4a-9c96-23ffe8942647.jpg,1
953,imgs/moped_2e4a317f-96b3-4e12-a199-9505a129f525.jpg,1
954,imgs/moped_dbd0632a-6f4b-45ee-a097-3c7e01665aa4.jpg,1
955,imgs/moped_d4c9bde0-9924-437c-91be-71d6b07472a9.jpg,1
956,imgs/moped_057008b0-c3de-4242-8d5a-b08953f0caaa.jpg,1
957,imgs/moped_aaa1aa3d-bc24-47fa-be47-d4f6c002c3e0.jpg,1
958,,1
959,,1
960,imgs/moped_9743ea50-a8e8-4070-92cc-919136e5ff9e.jpg,1
961,imgs/moped_7f7781a5-0e3c-4567-98c6-61987cbb72a9.jpg,1
962,imgs/moped_34fdc632-aedc-4bfb-94dc-bcd07aa60bc8.jpg,1
963,imgs/moped_3f8002b6-d5eb-4281-af43-7635a6486a7e.jpg,1
964,imgs/moped_4fe90dc8-d166-4c90-a7b6-a1f736edf164.jpg,1
965,imgs/moped_61fba38d-65a8-416c-9d64-c94cf81f5c85.jpg,1
966,,1
967,,1
968,imgs/moped_472aa189-38c0-44d0-aa34-9f888676ed31.jpg,1
969,imgs/moped_ec8f321d-b6ab-44b4-9d18-2cc9c1df12b9.jpg,1
970,,1
971,imgs/moped_0fb8f86c-9656-41f6-805a-c63e029bec00.jpg,1
972,imgs/moped_cc9827e9-f66b-4dec-9030-9b837ccfa481.jpg,1
973,,1
974,imgs/moped_78cb3b3e-ecdf-492c-8583-a0b082722de2.jpg,1
975,imgs/moped_a5c2662c-640f-43e4-94d9-be55b1656010.jpg,1
976,,1
977,imgs/moped_21c1c0b6-fd8d-446e-9968-a436d1f90c7a.jpg,1
978,,1
979,imgs/moped_d68e3ab2-baf1-4063-b005-3249e2b87f74.jpg,1
980,,1
981,,1
982,imgs/moped_6657a37f-5827-419c-87b1-9c26cc8cc71a.jpg,1
983,,1
984,,1
985,imgs/moped_d2f1034a-b2d2-4bb7-b77c-7885ac2740d1.jpg,1
986,imgs/moped_d6e4d9aa-a0ac-4e1c-aa85-ac122e7716ef.jpg,1
987,imgs/moped_c67c947b-d75a-4c92-94d1-b4ff4a5e42bc.jpg,1
988,imgs/moped_bcbbca38-9bf0-49c1-9cf8-0ba16ec63b3b.jpg,1
989,,1
990,,1
991,,1
992,imgs/moped_c8727ed1-8ed1-4e25-a0ab-ea47ab233ff3.jpg,1
993,,1
994,,1
995,,1
996,,1
997,,1
998,,1
999,,1
1000,,1
1001,imgs/moped_7d825ef7-b64e-48b1-9c8e-6d00b7ce7224.jpg,1
1002,imgs/moped_455bd8c2-d255-4f41-9b9c-fefce47cff5b.jpg,1
1003,,1
1004,imgs/moped_b2db6e36-ec44-4021-bdb9-95f311e12606.jpg,1
1005,imgs/moped_e134d010-b8e1-428e-becb-a5816641f607.jpg,1
1006,,1
1007,imgs/moped_205feaa7-485f-4bc3-af83-98a4f7f2e298.jpg,1
1008,imgs/moped_e3425a75-a19f-44ad-8de0-fc2975db7abb.jpg,1
1009,,1
1010,,1
1011,imgs/moped_d14206cc-95dc-448b-8926-e70d571468ed.jpg,1
1012,,1
1013,,1
1014,,1
1015,imgs/moped_f0a9dbc5-46eb-439b-8f0f-36c8e0fdf944.jpg,1
1016,imgs/moped_0bfa2b57-ea98-40f6-83a7-d163d0fe9845.jpg,1
1017,,1
1018,,1
1019,,1
1020,imgs/moped_73d45b3c-0700-4242-9a26-ac30ffdde485.jpg,1
1021,,1
1022,,1
1023,,1
1024,imgs/moped_64e527f5-fb5f-4f1b-9b0d-ca8a99cfea4a.jpg,1
1025,,1
1026,imgs/moped_a8a9e658-4ed6-482e-9a47-5b97692c8635.jpg,1
1027,,1
1028,imgs/moped_513ea757-2508-4ea3-8c68-b3093f2cbaa2.jpg,1
1029,imgs/moped_25f05898-c60f-4907-a687-f6f9005f64fe.jpg,1
1030,imgs/moped_f90869f4-96e0-4753-a973-0201781af1c7.jpg,1
1031,imgs/moped_9834c06c-58c6-4c6a-9a3d-d4ab31a251eb.jpg,1
1032,imgs/moped_42961099-c63c-41bc-b3fc-ccd976aac96d.jpg,1
1033,imgs/moped_14a47232-7786-4390-b8c6-2b076d05d80a.jpg,1
1034,imgs/moped_85105275-ae75-469d-9b93-a7aca7697d6a.jpg,1
1035,,1
1036,,1
1037,imgs/moped_0686ca3b-3c6b-44da-af92-44d7830258c5.jpg,1
1038,imgs/moped_3ebd9bde-b497-4f78-bdf7-e944cee5df8a.jpg,1
1039,,1
1040,,1
1041,imgs/moped_54ec1058-27e1-4569-8f2a-f561b45fe2b8.jpg,1
1042,imgs/moped_3b9504df-afeb-4da0-bbe3-2dbcad82dd62.jpg,1
1043,,1
1044,,1
1045,,1
1046,,1
1047,imgs/moped_aa47ef9c-8990-4b9b-ab40-764d02199149.jpg,1
1048,,1
1049,,1
1050,imgs/moped_1c48fc86-949f-480a-bbe7-2bcc89ec5af5.jpg,1
1051,imgs/moped_f6d19a6b-93a9-4fd6-b990-9eb246270f74.jpg,1
1052,imgs/moped_88f5920f-2117-4bf2-84bc-9aece12fb367.jpg,1
1053,imgs/moped_a3cb48de-d0e7-4f1c-bfd0-19f276ddb282.jpg,1
1054,,1
1055,,1
1056,imgs/moped_445bd565-abbb-415e-b93f-91ee23271fd3.jpg,1
1057,,1
1058,,1
1059,imgs/moped_d6f20a3a-e27e-49d8-a50a-8c8b1833215d.jpg,1
1060,,1
1061,imgs/moped_7317edf2-4a04-4291-8abe-84dbffd1e167.jpg,1
1062,,1
1063,,1
1064,,1
1065,imgs/moped_6970a18d-9466-41d9-99ad-55540f2c3123.jpg,1
1066,,1
1067,,1
1068,,1
1069,imgs/moped_8aeeb050-cd30-4f65-bf3a-4e9c28e20ab9.jpg,1
1070,imgs/moped_1349b7cd-a135-4765-904e-5148bf8ad71f.jpg,1
1071,,1
1072,,1
1073,,1
1074,imgs/moped_10a5c63c-116e-4550-82bf-5d1d6ae4a67a.jpg,1
1075,imgs/moped_b92645a4-7350-4ebc-9325-c9a8c1490f50.jpg,1
1076,imgs/moped_0a42ea12-1a90-4769-9ec0-44c785c7b3ef.jpg,1
1077,,1
1078,,1
1079,imgs/moped_b74f0480-eb4d-4d56-8c47-14d4caf84733.jpg,1
1080,,1
1081,,1
1082,,1
1083,,1
1084,imgs/moped_2421e432-a9b2-4214-b115-42113777cccb.jpg,1
1085,,1
1086,,1
1087,imgs/moped_1fa37135-fd7a-4c4a-aa6a-acdbf2276d41.jpg,1
1088,imgs/moped_27747bdd-1562-4e90-81c0-6641b529254e.jpg,1
1089,imgs/moped_33c9358b-0a70-44c3-b689-d54a80ef27c8.jpg,1
1090,imgs/moped_144e3852-3f2c-4088-a22f-26ca4c191ae8.jpg,1
1091,imgs/moped_ae64d38f-a4f5-4202-863c-bb73e68317f1.jpg,1
1092,imgs/moped_9b35d091-ce85-4bb6-999d-3c8acf937a56.jpg,1
1093,imgs/moped_0ed60aea-7929-4c97-bbeb-7b0b6ff27632.jpg,1
1094,imgs/moped_60bf4db0-fd71-44f5-a699-cc37054f6e72.jpg,1
1095,imgs/moped_e864bdae-6107-4d34-a167-c0591da419d4.jpg,1
1096,,1
1097,imgs/moped_9f99a905-b389-41b1-a7cd-bcd8ca5e6aed.jpg,1
1098,,1
1099,imgs/moped_3355530d-09b4-4821-ab2d-492fcd12c99e.jpg,1
1100,imgs/moped_e84b1d41-3d64-43ec-ba2e-006933300744.jpg,1
1101,imgs/moped_eaf7ed85-8a3e-4d6e-812a-966bd6a17587.jpg,1
1102,imgs/moped_97285fb9-7f02-42e4-9e08-426c16bc63ab.jpg,1
1103,imgs/moped_1eadbcd1-ca16-4e47-97e3-2babc50163d0.jpg,1
1104,imgs/moped_4c20b44d-5e88-4f57-a29c-7a068ac4d813.jpg,1
1105,,1
1106,imgs/moped_faf0648f-2eb4-4a28-9c7b-13fd9331be24.jpg,1
1107,imgs/moped_5f7e5c5a-3a0f-4d73-b2f1-070fee9a96d7.jpg,1
1108,,1
1109,,1
1110,imgs/moped_0175e90c-bf67-49b8-a53f-15c90f57bfdd.jpg,1
1111,imgs/moped_ea4b33d8-5af6-4b40-be49-afd05f629ce7.jpg,1
1112,imgs/moped_d859cb00-ed7a-4784-9213-3b4a4818afad.jpg,1
1113,,1
1114,imgs/moped_dd244170-0e7d-4e85-8e48-c60f20182945.jpg,1
1115,imgs/moped_f8ac5c9e-d646-47a9-a3ea-b9d2cc005b4f.jpg,1
1116,imgs/moped_18ec60a1-3ca9-4963-9857-eed80aeb399a.jpg,1
1117,,1
1118,imgs/moped_1e19d988-34e9-4490-b4f7-cb42894e15a2.jpg,1
1119,imgs/moped_9d93b545-18ec-43ef-ac80-cca78708a78e.jpg,1
1120,imgs/moped_ccab2e27-6e90-4719-92e1-a4e342efc314.jpg,1
1121,,1
1122,,1
1123,imgs/moped_739b3d06-cc54-40e7-b792-3a70f72bd060.jpg,1
1124,,1
1125,,1
1126,imgs/moped_72026450-15f8-45cf-b367-00e0acd27097.jpg,1
1127,,1
1128,imgs/moped_c3863456-f771-4165-97d1-aaa2e50a9671.jpg,1
1129,imgs/moped_cbfec6f3-b954-4f1f-ad42-2330965e1457.jpg,1
1130,imgs/moped_bad82097-4e7b-489c-b7be-a746411883b1.jpg,1
1131,imgs/moped_b30fdc71-d82e-463a-94b7-104e7257eaee.jpg,1
1132,,1
1133,imgs/moped_33f56c3d-3979-40f3-adf3-43a47e260b21.jpg,1
1134,,1
1135,imgs/moped_959628be-7216-4708-899c-3d6cce8e88ff.jpg,1
1136,,1
1137,,1
1138,imgs/moped_0943c61a-9eec-4d3b-918c-073d1918128a.jpg,1
1139,,1
1140,imgs/moped_0097a30c-0111-4f0c-b4fc-b4c1c99afa57.jpg,1
1141,,1
1142,,1
1143,imgs/moped_f2af3522-a7d0-42ca-a8f6-578859855490.jpg,1
1144,imgs/moped_fc39ad66-145d-40b2-aeab-256d21513356.jpg,1
1145,,1
1146,imgs/moped_d200bd41-5852-4d51-a00e-d8c249ea4cee.jpg,1
1147,,1
1148,imgs/moped_e8d61b1d-4a0e-4efd-a6c6-e9b7c86559e9.jpg,1
1149,,1
1150,imgs/moped_0beefcce-508c-45a8-9001-68b8d4ab52d3.jpg,1
1151,,1
1152,,1
1153,imgs/moped_7b20299f-ca52-43d2-8723-a443a696b375.jpg,1
1154,imgs/moped_e0f86f35-3039-4b82-9bab-70dcb8f08dc0.jpg,1
1155,imgs/moped_aeacbd39-9423-44a1-97a3-df6f347a804b.jpg,1
1156,imgs/moped_34d5efe7-4b15-4d7f-b784-96c201c46867.jpg,1
1157,,1
1158,,1
1159,imgs/moped_a9b32a83-baa2-4b96-a87b-97f94d238174.jpg,1
1160,imgs/moped_dfda7f7e-a98c-42fe-bd5a-8205988063ad.jpg,1
1161,imgs/moped_528fff1e-bd5d-4052-bcb0-c3fef42c19c9.jpg,1
1162,imgs/moped_bf21015a-0454-4408-9764-80a859a198ff.jpg,1
1163,,1
1164,imgs/moped_f51582e3-682e-4f6e-998a-a88ac5617ca2.jpg,1
1165,,1
1166,imgs/moped_2cc5d49b-851e-4f45-8840-d2d8300c3bce.jpg,1
1167,,1
1168,imgs/moped_62429c00-7f19-4438-aeff-b8997050c953.jpg,1
1169,,1
1170,,1
1171,imgs/moped_f51db5ea-b32c-43d2-ad44-253509ea4dfd.jpg,1
1172,imgs/moped_17b8df83-1138-476e-b2ad-ae83a6d749f8.jpg,1
1173,imgs/moped_b56c6053-ee0b-4f2c-bcde-f584a97acecf.jpg,1
1174,imgs/moped_76ea0c31-f848-4bea-9d12-d7933414cb4e.jpg,1
1175,imgs/moped_80a6cd1d-2faa-4650-a9ea-f490a5796b7b.jpg,1
1176,imgs/moped_272f8b6a-0231-43ed-98f4-dbb51230340e.jpg,1
1177,imgs/moped_0edeb443-e566-4c51-8f27-e66452d59d89.jpg,1
1178,,1
1179,,1
1180,,1
1181,imgs/moped_734da629-4f7a-4469-8fde-acff0c610557.jpg,1
1182,,1
1183,,1
1184,,1
1185,,1
1186,,1
1187,,1
1188,imgs/moped_278cd0bf-deec-4b00-928c-11c5de814a51.jpg,1
1189,,1
1190,imgs/moped_e72dab85-f801-4680-ab90-7cd104124270.jpg,1
1191,imgs/moped_26b49676-e5c0-47a7-a2fc-74ce90ab144c.jpg,1
1192,imgs/moped_326009e5-f000-40b8-99fa-018be5d45f51.jpg,1
1193,,1
1194,,1
1195,imgs/moped_ba10ba0e-5dde-4d4e-baa6-51d958fe4fbd.jpg,1
1196,imgs/moped_b3b79a45-9f07-4317-a1d8-175d616b2bd7.jpg,1
1197,,1
1198,imgs/moped_8ab753e0-4852-48a5-ae75-37be81b7e78b.jpg,1
1199,,1
1200,,1
1201,,1
1202,imgs/moped_43b218bc-5308-4f90-9042-497b0cbf26e6.jpg,1
1203,imgs/moped_35e8e482-5757-4e4e-b012-041ca2abc1bc.jpg,1
1204,,1
1205,imgs/moped_01d3c594-652c-49b6-abfe-559fa4e1aa47.jpg,1
1206,imgs/moped_d8051a4b-76de-4e7e-b054-1e2b60d68cba.jpg,1
1207,imgs/moped_d1ef71c5-6db3-4720-8efa-1ecf659277de.jpg,1
1208,,1
1209,imgs/moped_eb346dea-5460-4d35-8429-0f0b793c3a30.jpg,1
1210,,1
1211,,1
1212,imgs/moped_11f7a280-e170-4268-a7a0-24cfec8d8568.jpg,1
1213,,1
1214,imgs/moped_562c2ab5-4928-46c0-821d-84e9af7aa78a.jpg,1
1215,,1
1216,imgs/moped_d1729d2b-7502-4b42-adbe-b4a17ed1bf30.jpg,1
1217,imgs/moped_2648c7d2-e89a-4f2c-a61a-bb27430db41d.jpg,1
1218,imgs/moped_4707dbcb-8f6c-4780-822a-1a004ec7f952.jpg,1
1219,imgs/moped_36fa1d41-9298-4dba-8127-d9add2732890.jpg,1
1220,imgs/moped_83d953a1-859e-47ed-a3a2-091851608464.jpg,1
1221,imgs/moped_40f0282c-ce15-4f51-a2d1-e5287449a9ad.jpg,1
1222,imgs/moped_4903c716-7298-4c72-bd33-0e0ddbc92fe2.jpg,1
1223,imgs/moped_be0d6e40-baf7-4e4c-89ca-f4e5d2410320.jpg,1
1224,,1
1225,,1
1226,imgs/moped_84d1eb22-5e66-4362-bb9c-d399ff6f9f33.jpg,1
1227,,1
1228,imgs/moped_97713f68-5b44-4948-9a1a-003a50f5f4af.jpg,1
1229,,1
1230,imgs/moped_6d7ed23c-1f24-48d3-b937-42bff134c9be.jpg,1
1231,imgs/moped_9714ce5c-4df7-4744-b180-f306a46d71ac.jpg,1
1232,,1
1233,,1
1234,,1
1235,,1
1236,imgs/moped_ed5514bb-f3c5-458e-a9ff-cb48c0209189.jpg,1
1237,,1
1238,imgs/moped_dfede05c-c29a-4487-965a-348bde32ad1b.jpg,1
1239,,1
1240,,1
1241,imgs/moped_29b1426d-c6a2-4221-bd13-decd7cc9042f.jpg,1
1242,imgs/moped_f032047b-b518-4a1e-85e7-09ab1e63e315.jpg,1
1243,,1
1244,imgs/moped_4fd44d4a-733e-42c5-adfc-bc24a4f0e2f0.jpg,1
1245,imgs/moped_36679ac0-0ee1-40b4-a32a-f34752dd1950.jpg,1
1246,imgs/moped_da23fda1-9e13-437a-9392-a288e21e55d0.jpg,1
1247,imgs/moped_56f03f85-c0d5-48bf-9a7c-a46eb5f50bb5.jpg,1
1248,,1
1249,imgs/moped_8dfc752e-b78f-42d2-907d-266b0422da70.jpg,1
1250,,1
1251,imgs/moped_75546842-4678-4331-9b66-67c23c3b47a9.jpg,1
1252,,1
1253,imgs/moped_4edeed02-e12b-4867-b309-7ee106c7d019.jpg,1
1254,imgs/moped_ca48ff16-3b10-4a33-9fe2-a6dda49935d7.jpg,1
1255,imgs/moped_27777c1d-5796-4888-9cf5-b650c790f03f.jpg,1
1256,imgs/moped_3d610c27-21f6-4903-ab37-ae2644d3edfc.jpg,1
1257,,1
1258,imgs/moped_963c4ec4-8a4f-4518-8fa8-62cec9c06ac9.jpg,1
1259,imgs/moped_d84343f8-6b3c-4eb0-a483-3b949b8d9354.jpg,1
